gene,class,sequence
AbdA,antp,RRRGRQTYTRFQTLELEKEFHFNHYLTRRRRIEIAHALCLTERQIKIWFQNRRMKLKKELRAVKEINEQAR
AbdB,abdb,VRKKRKPYSKFQTLELEKEFLFNAYVSKQKRWELARNLQLTERQVKIWFQNRRMKNKKNSQRQANQQNNNN
Achi,tgif,LRKRRGNLPKTSVKILKRWLYEHRYNAYPSDAEKFTLSQEANLTVLQVCNWFINARRRILPEMIRREGNDPLHFT
Al,en,QRRYRTTFTSFQLEELEKAFSRTHYPDVFTREELAMKIGLTEARIQVWFQNRRAKWRKQEKVGPQSHPYN
Antp,antp,RKRGRQTYTRYQTLELEKEFHFNRYLTRRRRIEIAHALCLTERQIKIWFQNRRMKWKKENKTKGEPGSGGEGD
Ap,antp,TKRMRTSFKHHQLRTMKSYFAINHNPDAKDLKQLSQKTGLPKRVLQVWFQNARAKWRRMMMKQDGSGLLEKGE
Ara,iroquois,LAARRKNATRESTATLKAWLNEHKKNPYPTKGEKIMLAIITKMTLTQVSTWFANARRRLKKENKMTWEPKNRTDDD
Awh,antp,KTKRVRTTFTEEQLQVLQANFQIDSNPDGQDLERIASVTGLSKRVTQVWFQNSRARQKKHIHAGKNKIREPEGS
Bap,nk2,KKRSRAAFSHAQVFELERRFAQQRYLSGPERSEMAKSLRLTETQVKIWFQNRRYKTKRKQIQQHEAALLGASK
Bcd,bcd,PRRTRTTFTSSQIAELEQHFLQGRYLTAPRLADLSAKLALGTAQVKIWFKNRRRRHKIQSDQHKDQSYEG
BH1,bar,QRKARTAFTDHQLQTLEKSFERQKYLSVQERQELAHKLDLSDCQVKTWYQNRRTKWKRQTAVGLELLAEAGN
BH2,bar,KQRKARTAFTDHQLQTLEKSFERQKYLSVQDRMELANKLELSDCQVKTWYQNRRTKWKRQTAVGLELLAEAGN
Bsh,nk1,RRRKARTVFSDPQLSGLEKRFEGQRYLSTPERVELATALGLSETQVKTWFQNRRMKHKKQLRRRDNANEP
Btn,antp,NRKERTAFSKTQLKQLEAEFCYSNYLTRLRRYEIAVALELTERQVKVWFQNRRMKCKRIKLEEQQGSSAKT
C15,bar,KRKKPRTSFTRIQVAELEKRFHKQKYLASAERAALARGLKMTDAQVKTWFQNRRTKWRRQTAEEREAERQ
Cad,abdb,KDKYRVVYTDFQRLELEKEYCTSRYITIRRKSELAQTLSLSERQVKIWFQNRRAKERKQNKKGSDPNVMGVG
Caup,iroquois,LAARRKNATRESTATLKAWLSEHKKNPYPTKGEKIMLAIITKMTLTQVSTWFANARRRLKKENKMTWEPKNKTEDD
Ct,,SKKQRVLFSEEQKEALRLAFALDPYPNVGTIEFLANELGLATRTITNWFHNHRMRLKQQVPHGPAGQDNPIPS
Dfd,antp,PKRQRTAYTRHQILELEKEFHYNRYLTRRRRIEIAHTLVLSERQIKIWFQNRRMKWKKDNKLPNTKNVRKKT
Dll,nk1,KMRKPRTIYSSLQLQQLNRRFQRTQYLALPERAELAASLGLTQTQVKIWFQNRRSKYKKMMKAAQGPGTNSG
Dr,en,NRKPRTPFTTQQLLSLEKKFREKQYLSIAERAEFSSSLRLTETQVKIWFQNRRAKAKRLQEAEIEKIKMAALG
E5,antp,PKRVRTAFSPTQLLKLEHAFEGNHYVVGAERKQLAQGLSLTETQVKVWFQNRRTKHKRMQQEGGDGSDTKSNK
Ems,en,PKRIRTAFSPSQLLKLEHAFESNQYVVGAERKALAQNLNLSETQVKVWFQNRRTKHKRMQQEDEKGGEGGSQR
En,en,EKRPRTAFSSEQLARLKREFNENRYLTERRRQQLSSELGLNEAQIKIWFQNKRAKIKKSTGSKNPLALQLMAQ
Eve,antp,VRRYRTAFTRDQLGRLEKEFYKENYVSRPRRCELAAQLNLPESTIKVWFQNRRMKDKRQRIAVAWPYAAVYSD
Exd,tgif,ARRKRRNFSKQASEILNEYFYSHLSNPYPSEEAKEELARKCGITVSQVSNWFGNKRIRYKKNIGKAQEEANLYAAKKAAGAS
Exex,en,TRRPRTAFTSQQLLELEKQFKQNKYLSRPKRFEVASGLMLSETQVKIWFQNRRMKWKRSKKAQQEAKERAKAN
Ftz,antp,SKRTRQTYTRYQTLELEKEFHFNRYITRRRRIDIANALSLSERQIKIWFQNRRMKSKKDRTLDSSPEHCGAG
Gsc,bcd,KRRHRTIFTEEQLEQLEATFDKTHYPDVVLREQLALKVDLKEERVEVWFKNRRAKWRKQKREEQERLRKLQEE
H2.0,abdb,RSWSRAVFSNLQRKGLEIQFQQQKYITKPDRRKLAARLNLTDAQVKVWFQNRRMKWRHTRENLKSGQEKQPSA
Hbn,en,KVRRSRTTFTTFQLHQLERAFEKTQYPDVFTREDLAMRLDLSEARVQVWFQNRRAKWRKREKFMNQDKAG
Hgtx,en,KKHTRPTFSGQQIFALEKTFEQTKYLAGPERAKLAYALGMSESQVKVWFQNRRTKWRKRHAAEMATAKRKQDD
Hmx,bar,KKKTRTVFSRAQVFQLESTFDLKRYLSSSERAGLAASLRLTETQVKIWFQNRRNKWKRQLAAELEAANMANMA
Hth,tgif,NQKKRGIFPKVATNILRAWLFQHLTHPYPSEDQKKQLAQDTGLTILQVNNWFINARRRIVQPMIDQ
Ind,antp,SKRIRTAFTSTQLLELEREFSHNAYLSRLRRIEIANRLRLSEKQVKIWFQNRRVKQKKGGSESPTFNLSTNSN
Inv,en,EDKRPRTAFSGTQLARLKHEFNENRYLTEKRRQQLSGELGLNEAQIKIWFQNKRAKLKKSSGTKNPLALQLMAQ
Lab,antp,NNSGRTNFTNKQLTELEKEFHFNRYLTRARRIEIANTLQLNETQVKIWFQNRRMKQKKRVKEGLIPADILTQH
Lag1,,IRSSRPKKAANVPILEKTYAKSTRLDKKKLVPLSKQTDMSEREIERWWRLRRAQDKPSTLVKFCENTWRC
Lbe,ladybird,KRKSRTAFTNHQIFELEKRFLYQKYLSPADRDEIAASLGLSNAQVITWFQNRRAKQKRDIEELKKDFDSVK
Lbl,ladybird,KRKSRTAFTNQQIFELEKRFLYQKYLSPADRDEIAGGLGLSNAQVITWFQNRRAKLKRDMEELKKDVQCEKMS
Lim1,en,RRGPRTTIKAKQLEVLKTAFNQTPKPTRHIREQLAKETGLPMRVIQVWFQNKRSKERRMKQITSMGRPPFFGG
Lim3,antp,PNKRPRTTITAKQLETLKTAYNNSPKPARHVREQLSQDTGLDMRVVQVWFQNRRAKEKRLKKDAGRTRWSQY
Mirr,iroquois,NGARRKNATRETTSTLKAWLNEHKKNPYPTKGEKIMLAIITKMTLTQVSTWFANARRRLKKENKMTWEPRNRVDDD
NK7.1,nk1,RKKKARTTFTGRQIFELEKMFENKKYLSASERTEMAKLLMVTETQVKIWFQNRRTKWKKQDNVTNNEAAEHK
Oc,bcd,QRRERTTFTRAQLDVLEALFGKTRYPDIFMREEVALKINLPESRVQVWFKNRRAKCRQQLQQQQQSNSLSSSK
Oct,,RRKKRTSIETNIRVALEKSFLENQKPTSEEITMIADQLNMEKEVIRVWFCNRRQKEKRINPPS
Odsh,en,KKRRGRTNFNSWQLRELERVFQGSHYPDIFMREALATKLDLMEGRIAVWFQNRRAKWRKQEHTKKGPGRPAHNA
onecut,,PKKPRLVFTDLQRRTLQAIFKETKRPSKEMQVTIARQLGLEPTTVGNFFMNARRRSMDKWRDDDSKSTMHVAH
Optix,six,GEQKTHCFKERTRSLLREWYLQDPYPNPTKKRELAKATGLNPTQVGNWFKNRRQRDRAAAAKNRIQHSQNSSG
Otp,en,QKRHRTRFTPAQLNELERCFSKTHYPDIFMREEIAMRIGLTESRVQVWFQNRRAKWKKRKKTTNVFRTPGA
Pb,antp,PRRLRTAYTNTQLLELEKEFHFNKYLCRPRRIEIAASLDLTERQVKVWFQNRRMKHKRQTLSKTDDEDNKDS
PhdP,en,KQRRIRTTFTSNQLNELEKIFLETHYPDIYTREEIASKLHLTEARVQVWFQNRRAKFRKQERHAIYIMKDKS
Pph13,en,KQRRYRTTFNTLQLQELERAFQRTHYPDVFFREELAVRIDLTEARVQVWFQNRRAKWRKQEKIGGLGGDYKEGA
Ptx1,bcd,QRRQRTHFTSQQLQELEHTFSRNRYPDMSTREEIAMWTNLTEARVRVWFKNRRAKWRKRERNAMNAAVAAAD
Repo,en,KKKTRTTFTAYQLEELERAFERAPYPDVFAREELAIKLNLSESRVQVWFQNRRAKWRKHEPPRKTGYIKTST
Ro,en,QRRQRTTFSTEQTLRLEVEFHRNEYISRSRRFELAETLRLTETQIKIWFQNRRAKDKRIEKAQIDQHYRN
Rx,en,HRRNRTTFTTYQLHELERAFEKSHYPDVYSREELAMKVNLPEVRVQVWFQNRRAKWRRQEKSESLRLGLTHFT
Scr,antp,TKRQRTSYTRYQTLELEKEFHFNRYLTRRRRIEIAHALCLTERQIKIWFQNRRMKWKKEHKMASMNIVPYHMG
Six4(-),six,DGEETVYCFKEKSRNALKDCYLTNRYPTPDEKKTLAKKTGLTLTQVSNWFKNRRQRDRTPQQR
Slou,nk1,PRRARTAFTYEQLVSLENKFKTTRYLSVCERLNLALSLSLTETQVKIWFQNRRTKWKKQNPGMDVNSPT
So,six,DGEETSYCFKEKSRSVLRDWYSHNPYPSPREKRDLAEATGLTTTQVSNWFKNRRQRDRAAEHKDGSTDKQHL
Tin,nk2,KRKPRVLFSQAQVLELECRFRLKKYLTGAEREIIAQKLNLSATQVKIWFQNRRYKSKRGDIDCEGIAKHLKLK
Tup,en,PTRVRTVLNEKQLHTLRTCYNANPRPDALMKEQLVEMTSLSPRVIRVWFQNKRCKDKKKTIQMKLQMQQEKEG
Ubx,antp,RRRGRQTYTRYQTLELEKEFHTNHYLTRRRRIEMAHALCLTERQIKIWFQNRRMKLKKEIQAIKELNEQEKQA
Unc4,en,KRRRSRTNFNSWQLEELERAFSASHYPDIFMREALAMRLDLKESRVAVWFQNRRAKVRKREHTKKGPGRPAH
Unpg,en,KSRRRRTAFTSEQLLELEREFHAKKYLSLTERSQIATSLKLSEVQVKIWFQNRRAKWKRVKAGLTSHGLGRNGT
Vis,tgif,LRKRRGNLPKSSVKILKRWLYEHRYNAYPSDAEKFTLSQEANLTVLQVCNWFINARRRILPEMIRREGNDPLHFT
Vnd,nk2,KRKRRVLFTKAQTYELERRFRQQRYLSAPEREHLASLIRLTPTQVKIWFQNHRYKTKRAQNEKGYEGHPGLLH
Zen,antp,LKRSRTAFTSVQLVELENEFKSNMYLYRTRRIEIAQRLSLCERQVKIWFQNRRMKFKKDIQGHREPKSNAKLA
Zen2,antp,SKRSRTAFSSLQLIELEREFHLNKYLARTRRIEISQRLALTERQVKIWFQNRRMKLKKSTNRKGAIGALTTS
CG11085,bar,KPRRRRTAFTHAQLAYLERKFRCQKYLSVADRSDVAETLNLSETQVKTWYQNRRTKWKRQNQLRLEQLRHQA
CG11294,en,QRRNRTTFTPQQLQELEALFQKTHYPDVFLREEVALRISLSEARVQVWFQNRRAKWRKQARLQLLQDAWRMRC
CG11617,,SRATKRLFTPDIKRMLKDWLIRRRENPYPSREEKKQLAAETGLTYTQICNWFANWRRKLKNSEREKAKKSWGHLIK
CG12361,abdb,RGMMRRAVFSDSQRKGLEKRFQQQKYISKPDRKKLAERLGLKDSQVKIWFQNRRMKWRNSKERELLASGGSRD
CG13424,nk1,RKKRPRTAFSAAQIKALETEFERGKYLSVAKRTALAKQLQLTETQIKIWFQNRRTKWKRKYTSDVETLASHYYA
CG15696,,GRLPRIPFTPQQLQALENAYKESNYLSAEDANKLADSLELTNTRVKIWFQNRRARERREKREKDESCDSTFSS
CG18599,antp,NKRVRTIFTPEQLECLEAEFERQQYMVGPERLYLAHTLKLTEAQVKVWFQNRRIKWRKHHLELTQQRLALIRQ
CG32105,en,PKRPRTILTSQQRKQFKASFDQSPKPCRKVREALAKDTGLSVRVVQVWFQNQRAKMKKIQRKAKQNGGSGGGS
CG32532,en,RRRHRTTFTQEQLAELEAAFAKSHYPDIYCREELARTTKLNEARIQVWFQNRRAKYRKQEKQLQKALAPS
CG33980,en,RRHSRTIFTSYQLEKLEEAFKEAHYPDVYAREMLSLKTELPEDRIQVWFQNRRAKWRKTEKVWGGSTIMAEYG
CG34031,bar,DRKPRQAYSASQLERLENEFNLDKYLSVSKRVELSKSLSLTEVQVKTWFQNRRTKWKKQLTSRLKIAHRHG
CG4136,en,KRRHGRTIFTSSQLEELEKAFKEAHYPDVSARELLSMKTGLAEDRIQVWYQNRRAKWRKTEKCWGHSTKMAEYG
CG4328,abdb,PKRPRTILNTQQRRAFKASFEVSPKPCRKVRENLAKDTGLSLRIVQVWFQNQRAKVKKIQKKAKQEPPSKGAS
CG7056,,RKGGQIRFTSQQTKNLEARFASSKYLSPEERRHLALQLKLTDRQVKTWFQNRRAKWRRANLSKRSASAQGPI
CG9876,en,PRRNRTTFSSAQLTALEKVFERTHYPDAFVREELATKVHLSEARVQVWFQNRRAKFRRNERSVGSRTLLDTA